﻿<?xml version="1.0" encoding="UTF-8" ?>
<SCCollection ID="">
	<SCNameSpace ID="MachineRegistrator">
		<SCType ID="RegKuka_KR10_R1100_2" Type="TRegisterMachineRecord" Enabled="True">
			<TypeName DefaultValue="Kuka_KR10_R1100_2"/>
		</SCType>
	</SCNameSpace>
	<SCType ID="Kuka_KR10_R1100_2" Caption="Kuka KR10 R1100 2" Type="KukaRobotTemplate" Enabled="True">
		<GUID DefaultValue="{05341431-3268-47de-89aa-7c47934e56a5}"/>
		<Name DefaultValue="Kuka KR10 R1100-2"/>
		<Image DefaultValue="KR20.jpg"/>
		<ToolChangeMachineState DefaultValue="A1(0) A2(-90) A3(90) A4(0) A5(0) A6(0)"/>
		<Leads>
			<ApproachRefPoints DefaultValue="G53 A1 A2 A3 A4 A5 A6 "/>
			<ReturnRefPoints DefaultValue="G53 A1 A2 A3 A4 A5 A6"/>
		</Leads>
		<SCType ID="MachineDimensions" Caption="Machine dimensions" Type="ComplexType">
			<RobotSize Enabled="false">
				<A12X DefaultValue="25"/>
				<A12Z DefaultValue="400"/>
				<A23Z DefaultValue="560"/>
				<A34Z DefaultValue="25"/>
				<A35X DefaultValue="515"/>
				<A14Y DefaultValue="0"/>
				<A56X DefaultValue="90"/>
			</RobotSize>
			<SpindleModelRotationAngleX DefaultValue="0"/>
			<SpindleModelRotationAngleY DefaultValue="0"/>
			<SpindleModelRotationAngleZ DefaultValue="0"/>
			<ToolData>
				<ToolLength DefaultValue="0"/>
				<X DefaultValue="103"/>
				<Y DefaultValue="0"/>
				<Z DefaultValue="45"/>
				<A DefaultValue="0"/>
				<B DefaultValue="90"/>
				<C DefaultValue="0"/>
			</ToolData>
		</SCType>
		<MachineStateParameters>
			<AxisA1Pos>
				<Min DefaultValue="-170"/>
				<Max DefaultValue="170"/>
			</AxisA1Pos>
			<AxisA2Pos>
				<Min DefaultValue="-190"/>
				<Max DefaultValue="45"/>
			</AxisA2Pos>
			<AxisA3Pos>
				<Min DefaultValue="-120"/>
				<Max DefaultValue="156"/>
			</AxisA3Pos>
			<AxisA4Pos>
				<Min DefaultValue="-179"/>
				<Max DefaultValue="179"/>
			</AxisA4Pos>
			<AxisA5Pos>
				<Min DefaultValue="-120"/>
				<Max DefaultValue="120"/>
			</AxisA5Pos>
			<AxisA6Pos>
				<Min DefaultValue="-179"/>
				<Max DefaultValue="179"/>
			</AxisA6Pos>
		</MachineStateParameters>
		<Schema>
			<Rails1>
				<Rails2>
					<Rails3>
						<RobotFrame Caption="Robot frame">
							<ImageFile DefaultValue="Images\Frame.osd"/>
							<AxisA1>
								<ImageFile DefaultValue="Images\A1.osd"/>
									<!--AdditionalA1>
										<ImageFile DefaultValue="Images\A1+.osd"/>
									</AdditionalA1-->
								<AxisA2>
									<ImageFile DefaultValue="Images\A2.osd"/>
									<!--AdditionalA2>
										<ImageFile DefaultValue="Images\A2+.osd"/>
									</AdditionalA2-->
									<AxisA3>
										<ImageFile DefaultValue="Images\A3.osd"/>
										<!--AdditionalA3>
											<ImageFile DefaultValue="Images\A3+.osd"/>
										</AdditionalA3-->
										<AxisA4>
											<ImageFile DefaultValue="Images\A4.osd"/>
											<AxisA5>
												<ImageFile DefaultValue="Images\A5.osd"/>
												<AxisA6>
													<ImageFile DefaultValue="Images\A6.osd"/>
													<!--AdditionalA6>
														<ImageFile DefaultValue="Images\A6+.osd"/>
													</AdditionalA6-->
													<ToolBlockSelector>
														<ActiveNode DefaultValue="ToolBlock"/>
														<ToolBlock>
															<ImageFile DefaultValue="Images\Spindle_M.osd"/>
														</ToolBlock>
													</ToolBlockSelector>
												</AxisA6>
											</AxisA5>
										</AxisA4>
									</AxisA3>
								</AxisA2>
							</AxisA1>
						</RobotFrame>
					</Rails3>
				</Rails2>
			</Rails1>
		</Schema>

			<Simulation>
				<CDIgnoreList>
					<SCArray>
						<!--CollisionPair>
							<Node1>
								<NodeID>AdditionalA1</NodeID>                                                     
								<WithChildren>False</WithChildren>
							</Node1>
							<Node2>
								<NodeID>AxisA2</NodeID>
								<WithChildren>False</WithChildren>
							</Node2>
						</CollisionPair-->
                </SCArray>
            </CDIgnoreList>
        </Simulation>
	</SCType>
</SCCollection>
